timestamp,angry,disgust,fear,happy,sad,surprise,neutral,dominant_emotion
2025-05-30 22:46:26.199205,0.0003290742461103,2.587874178061611e-06,0.011479714885354,0.4937509894371032,0.464756578207016,4.108926532353507e-06,0.0296769477427005,happy
2025-05-30 22:46:26.468526,7.68841656075541e-05,2.0987938890784958e-10,0.0024477351115179,0.9914485801993108,0.00555170579871,0.0001080663552461,0.0003670597653683,happy
2025-05-30 22:46:27.026161,0.0024573075652752,1.7119301789032e-11,0.000157463300929,0.0017537401171767,0.0004501879134327,1.277224233676104e-07,0.995181202601266,neutral
2025-05-30 22:46:28.747711,0.0270632617175579,1.4315264529329852e-08,0.0082502933219075,1.7960905097424984e-05,0.956389307975769,4.574203194351867e-05,0.0082334838807582,sad
2025-05-30 22:46:29.135305,0.0060898037627339,5.05258768157546e-08,0.4487592577934265,0.0349746532738208,0.0232531260699033,0.018694931641221,0.4682282209396362,neutral
2025-05-30 22:46:29.292463,0.0096562789920734,2.245493667178992e-07,0.1266004518628389,0.000857761937563,0.0002480783298397,0.8609721577746963,0.0016650339649637,surprise
2025-05-30 22:46:29.512842,0.1158395558595657,8.20873974589631e-05,0.2861862182617187,0.09802807867527,0.0129909180104732,0.4339370131492615,0.0529361888766288,surprise
2025-05-30 22:46:29.691629,0.2586800014185906,2.165381532141004e-07,0.0410716185612451,0.094901626998283,0.0162465302644092,0.0340258946434196,0.5550741288110095,neutral
2025-05-30 22:46:29.875905,0.0369847892793636,0.0013712198829969,0.6448438128549718,0.0402836499125331,0.0093680264415788,0.2469394201527989,0.0202091614530971,fear
2025-05-30 22:46:30.062048,0.0008508523385548,2.0229835013908513e-08,0.0760171905766243,0.0089277052985254,0.0002099333630741,0.8955098924344713,0.0184844333520193,surprise
2025-05-30 22:46:30.232613,0.2734636231341137,7.694650325244405e-06,0.6980259834543456,0.0033976270048395,0.0014115675262551,0.0136338769202755,0.0100596664881507,fear
2025-05-30 22:46:30.394205,0.0548377558588981,2.3665208573220294e-05,0.3668455481529236,0.3008098006248474,0.0056263944134116,0.1685944199562072,0.1032624021172523,fear
2025-05-30 22:46:30.690549,0.000919084646739,1.3941786392024369e-08,0.0537137910723686,0.0060440450906753,0.0048294658772647,0.3117744922637939,0.6227191686630249,neutral
2025-05-30 22:46:30.885568,0.1030002459883689,1.061937837221194e-05,0.7757920622825623,0.0049160439521074,0.002527578966692,0.1085427775979042,0.0052106394432485,fear
2025-05-30 22:46:31.083214,0.0032951878383755,1.630667378904604e-09,0.0597480461001396,0.0003819763951469,0.0217024348676204,0.0109794503077864,0.9038929343223572,neutral
2025-05-30 22:46:31.265346,0.1228008496402681,1.7878222621825993e-05,0.5598089623678968,0.0019496113531754,0.0350124756976991,0.1654003661393682,0.115009800790572,fear
2025-05-30 22:46:31.435233,0.3012779534624787,0.0056126237467005,0.5745052441659716,0.0013905990300684,0.0439692016821623,0.0630525760681972,0.0101917811224926,fear
2025-05-30 22:46:31.584068,0.042037196457386,7.939174247439951e-05,0.1257967203855514,0.0007198689272627,0.0002752307918854,0.8302643299102783,0.0008272604318335,surprise
2025-05-30 22:46:31.829697,0.2899025255383566,3.69845860621552e-05,0.2884798519897373,0.0121179155777642,0.0179882339679142,0.1727428688253682,0.2187316548068317,angry
2025-05-30 22:46:32.292390,0.2222668959061441,4.634132259254776e-06,0.0573508699149411,0.0071817403283262,0.1186147030362309,4.107342710248133e-05,0.594540095003849,neutral
2025-05-30 22:46:32.471168,0.186926763470576,1.352674270173212e-06,0.0092572659183899,0.6837027480425089,0.0118285089330976,1.2009217959563202e-05,0.1082714041037204,happy
2025-05-30 22:46:32.758459,0.3204948306083679,0.0004574650956783,0.0885822251439094,0.5311667919158936,0.0161824934184551,0.0003106250369455,0.0428055822849273,happy
2025-05-30 22:46:33.406650,0.1508953422307968,6.166951061459258e-05,0.797338604927063,0.0002710684493649,0.0030546854250133,0.0280974097549915,0.0202812477946281,fear
2025-05-30 22:46:33.560783,0.0133379157632589,5.296022322909266e-07,0.2189554125070572,0.0299843493849039,4.465086021809839e-05,0.7364470958709717,0.0012300600064918,surprise
2025-05-30 22:46:33.720740,0.0115023525431752,6.690180725854589e-06,0.8630274534225464,0.0626908913254737,4.9286212743027136e-05,0.0599553287029266,0.0027679458726197,fear
2025-05-30 22:46:33.890090,0.0002927262918381,1.643397470931274e-07,0.282317366323785,0.2974813523910817,1.07796700713944e-05,0.41796405101251,0.0019335668790186,surprise
2025-05-30 22:46:34.063305,0.0688951089978218,0.0060047754086554,0.3124805390834808,0.4312114715576172,0.017016751691699,0.0021335564088076,0.1622577607631683,happy
2025-05-30 22:46:34.213406,5.597331771083859e-06,1.2849174747625387e-11,0.000579971156193,1.116100405074354e-05,1.0697511292699095e-09,0.9994032978655872,2.932995798969898e-09,surprise
2025-05-30 22:46:34.386378,2.9289578305471697e-06,4.535510258750045e-12,0.0026570858154944,3.024960686383405e-06,4.813339791647455e-09,0.997336983521997,3.4212446028155333e-09,surprise
2025-05-30 22:46:34.560832,0.0011229295720043,5.5650779748593345e-08,0.3089700227361931,0.0122626757107779,6.593528662154763e-06,0.6774670885483676,0.0001706419672547,surprise
2025-05-30 22:46:34.721730,0.0666148290038108,2.755946115939878e-05,0.910312294960022,0.002896285848692,0.0001905113313114,0.0198249910026788,0.0001335488050244,fear
2025-05-30 22:46:34.889046,0.0007042023677957,1.8141038590347785e-11,0.0973796653891008,0.031196100643742,1.466205442576684e-06,0.8690561212234352,0.0016623915054033,surprise
2025-05-30 22:46:35.130858,0.0001583848446715,6.892511972321677e-10,0.4261238530948074,0.0172280195193302,8.854901766712684e-07,0.5564520690710586,3.679319562368516e-05,surprise
2025-05-30 22:46:35.283851,0.1972821354866027,5.462070021167165e-06,0.7964523434638977,0.001952702528797,0.0009912169771268,0.0028281221166253,0.00048799457727,fear
2025-05-30 22:46:35.453378,0.2865073978900909,1.7488364392193034e-05,0.6394203305244446,0.0007058287155814,0.0125175435096025,0.0014673728728666,0.0593640618026256,fear
2025-05-30 22:46:35.625469,0.0025063483044505,3.4750019528573256e-10,0.9728934168815612,2.0646366465371105e-05,7.487965831387555e-06,0.0245216842740774,5.037292066845111e-05,fear
2025-05-30 22:46:35.790189,0.0020500917337725,2.781098894934809e-07,0.8978175046661491,0.0484094115007625,3.741435566191792e-05,0.0516241578311732,6.113614652964589e-05,fear
2025-05-30 22:46:35.957046,0.0124931314956028,4.7243368586479305e-06,0.9691202026081206,0.0011724503245547,0.0003909166786062,0.0163078261946336,0.0005108134077787,fear
2025-05-30 22:46:36.248329,0.0036507819313555,1.461971379512761e-07,0.9946470856666564,0.000200268041226,0.0001877590839285,0.0011920252582058,0.0001219371479237,fear
2025-05-30 22:46:36.421043,0.0433739558310561,6.152762210645189e-05,0.9234646649998826,0.0148330015143154,0.0050292530620988,0.0093072958371286,0.0039302040794248,fear
2025-05-30 22:46:36.587314,0.3865498900413513,0.0122626973316073,0.5715211629867554,0.0038266968913376,0.0116615761071443,0.0029043050017207,0.0112737054005265,fear
2025-05-30 22:46:36.755210,0.0066169420475925,6.43237255785786e-05,0.0919712911231095,0.0041947441813197,4.330710984338544e-05,0.8970473943380948,6.198442503065169e-05,surprise
2025-05-30 22:46:36.908680,0.3501087129116058,0.0007200294639915,0.5307466387748718,0.0022876074071973,0.0013587520224973,0.114195168018341,0.0005830898880958,fear
2025-05-30 22:46:37.081765,0.0105488126634136,2.7853858365106973e-06,0.9732764927478424,0.0011575112800686,0.0143001534328047,7.174833572589511e-05,0.0006424536879491,fear
2025-05-30 22:46:37.326723,0.0103123855404487,4.789011030745884e-06,0.9871644370057844,0.0013259839824056,0.0005313261379533,0.0005351655737036,0.0001259213825072,fear
2025-05-30 22:46:37.483157,0.1006660759449005,2.381912338478287e-07,0.8768858313560486,0.0003624728706199,0.0215487144887447,7.996975909918547e-05,0.0004566860734485,fear
2025-05-30 22:46:37.650853,0.0542478533985789,1.2377280998121046e-05,0.9377216174934366,0.0011737979713397,0.0010951460430597,0.0046250432804175,0.0011240875871077,fear
2025-05-30 22:46:37.821164,0.0032264123894632,1.996058877462148e-07,0.995634974089867,2.3762498832005352e-05,0.000666057124724,0.0004038548123679,4.462072347718737e-05,fear
2025-05-30 22:46:37.989339,0.457998126745224,8.34177335491404e-05,0.4651769697666168,0.0249589383602142,0.018703207373619,0.0016081642825156,0.0314711220562458,fear
2025-05-30 22:46:38.457404,0.1183754429221153,0.0002677819575183,0.8127031326293945,0.0316241085529327,0.0143879670649766,0.0019655528012663,0.0206759870052337,fear
2025-05-30 22:46:38.894086,0.0066798166371881,7.80716582085006e-05,0.795771062374115,0.1115148365497589,0.0233380421996116,2.2977401386015117e-05,0.0625952333211898,fear
2025-05-30 22:46:39.054147,0.1056260604039466,0.0012014366936794,0.8469564823482324,0.0168403508866042,0.0171326800216841,0.0003147151916211,0.0119282852517536,fear
2025-05-30 22:46:39.224497,0.0884427704478961,0.0002586429336137,0.7877887956970213,0.0104900204309833,0.0853874361745975,7.091264401181529e-05,0.027561414766992,fear
2025-05-30 22:46:39.807685,9.53714147721966e-05,3.5743840103335415e-06,0.0020275290501083,0.6885487212480639,0.0450650213581298,0.0003689356232306,0.2638908012043475,happy
2025-05-30 22:46:39.992364,0.0176690202206373,2.9830147468601353e-05,0.2383143454790115,0.2846474349498749,0.0027937055565416,0.0032370314002037,0.4533086121082306,neutral
2025-05-30 22:46:40.282100,0.0001388777454849,4.2834893974941224e-05,0.0463982820510864,0.4360723495483398,0.2953655123710632,8.962354331742972e-05,0.2218924909830093,happy
2025-05-30 22:46:40.464175,0.0273832306265831,1.1911500223504843e-05,0.8098507523536682,0.0827556550502777,0.0008953519864007,0.0160187669098377,0.0630843490362167,fear
2025-05-30 22:46:41.183126,2.627400135679636e-06,2.43996453264117e-07,0.0001458489568904,0.9861710667610168,0.0014464855194091,1.831023473641835e-05,0.0122154178097844,happy
2025-05-30 22:46:42.531049,2.9868028000362604e-05,1.5790460388700718e-07,7.17035351059842e-05,0.9925152668338696,8.145090812292125e-07,0.0006363161779488,0.0067457888615681,happy
2025-05-30 22:46:42.683998,3.9777905413984627e-08,4.783628354543268e-12,3.347685240129294e-09,0.9999169111251832,1.282476125297194e-09,1.529932234234366e-07,8.289695688290522e-05,happy
2025-05-30 22:46:42.845967,4.669108986841408e-09,8.280506542543287e-11,2.765384702417915e-09,0.9998236298771346,4.6781946957204714e-08,2.0384067113440827e-08,0.0001762547116395,happy
2025-05-30 22:46:43.010686,1.5928523720405548e-05,2.1224582468766346e-08,2.5966086197252866e-05,0.9997276067571406,4.152491576076216e-07,3.657152628579892e-05,0.0001934718717887,happy
2025-05-30 22:46:43.187347,1.8462770867699872e-06,1.392296611335552e-09,4.756308044306934e-06,0.9984503984451294,3.0744224943646266e-08,7.372888649115339e-05,0.0014692002441734,happy
2025-05-30 22:46:43.532084,5.818682558431811e-07,1.3633732733837003e-09,3.321069271032316e-07,0.9998622536577138,1.2640187428541888e-08,1.9131664149711237e-07,0.0001366684673091,happy
2025-05-30 22:46:43.680770,2.227217227948957e-07,4.837239231056172e-10,7.778760855025096e-08,0.9996719956202504,5.1462051911918974e-08,3.765685445876408e-07,0.0003273106025977,happy
2025-05-30 22:46:43.979111,8.786710026242872e-08,6.278777497925603e-11,8.239689464062394e-08,0.9996947050094604,6.134485630582276e-08,2.507520662220486e-07,0.0003048293001484,happy
2025-05-30 22:46:44.141169,1.322426044225722e-07,1.1504933811190552e-10,8.671763396250753e-08,0.9995576739311218,1.7557038489712795e-08,7.024670622968189e-08,0.0004420113982632,happy
2025-05-30 22:46:44.305576,3.79838224001873e-07,2.092325396650131e-09,6.218872781464512e-07,0.9981852175968626,3.71461146414135e-08,2.4620525685294032e-06,0.0018112431449451,happy
2025-05-30 22:46:44.482854,4.128010796678896e-05,3.604766776554239e-06,0.0001934270227833,0.983551620456673,0.0017685136880584,0.00038071424292,0.0140608529559286,happy
2025-05-30 22:46:44.641226,0.0002087135653709,8.185127080651e-05,0.007637480739504,0.7183033227920532,0.2249540835618972,4.5315653551369905e-05,0.0487692654132843,happy
2025-05-30 22:46:47.269437,0.0001525115512777,7.588404571379216e-08,0.0195389501750469,0.6944887042045593,0.0008278189925476,0.0794655457139015,0.2055263817310333,happy
2025-05-30 22:46:47.427854,0.0002185699689327,4.009916449644047e-06,0.1430043365361891,0.0274098364210031,0.4477075009171665,0.00209837070135,0.37955739376291,sad
2025-05-30 22:46:47.857474,7.868955435696989e-05,3.73639181816543e-08,7.037126579234609e-06,0.964094340801239,1.5462002920685336e-05,9.118238085648044e-05,0.0357132405042648,happy
2025-05-30 22:46:48.508217,1.3221042536315508e-05,3.622485778009833e-08,2.6803510991157964e-05,0.9679878354072572,5.497412985278061e-06,6.949258386157453e-05,0.0318971462547779,happy
2025-05-30 22:46:48.682751,1.4634512883117284e-05,3.0529736874001475e-08,4.173078062218621e-05,0.974230828972956,2.366119988317151e-06,0.0001570180569791,0.0255533556725554,happy
2025-05-30 22:46:48.841172,0.0005079144029878,4.886388182967494e-07,0.0017787523102015,0.5436064600944519,0.1148177534341812,0.0002151740336557,0.3390734791755676,happy
2025-05-30 22:46:49.161836,1.703537054709159e-05,4.331104150878673e-07,0.0001226518506882,0.9958012700080872,2.1550224573729793e-06,7.278103294083849e-05,0.0039836661890149,happy
2025-05-30 22:46:49.315283,3.493298208923079e-05,7.407572297779552e-07,0.0001769427035469,0.989787220954895,4.576113497023471e-06,9.240200597560032e-05,0.0099032204598188,happy
2025-05-30 22:46:49.476711,0.000150976688019,1.223040424491728e-08,0.1301527917385101,0.0084830895066261,0.1058714464306831,0.0039162668399512,0.7514253854751587,neutral
2025-05-30 22:46:49.920378,2.408841055512312e-06,2.0082845608726533e-08,6.419963028747588e-06,0.9979196190834044,7.632124834344722e-07,5.633507043967256e-06,0.0020651626400649,happy
2025-05-30 22:46:50.072610,6.951499381102622e-05,1.8360106324166736e-08,0.0147910350933671,0.1763508319854736,0.2686571180820465,0.0020470083691179,0.5380845069885254,neutral
2025-05-30 22:46:50.242931,0.0240316535700353,1.873773692426205e-09,0.00149759030514,0.0002879431584648,0.9741693719726426,4.1053221604445735e-10,1.343104657300234e-05,sad
2025-05-30 22:46:50.420197,0.0001507902343291,5.400136728894722e-07,0.0009868221823126,0.9743385910987854,1.4091990124143194e-05,0.0007314825197681,0.0237777158617973,happy
2025-05-30 22:46:50.622503,1.6487494576722383e-05,1.474783289268089e-06,2.259831853734795e-05,0.9950043559074402,1.844033795350697e-05,1.8537582946009937e-05,0.0049181301146745,happy
2025-05-30 22:46:51.363505,6.725960193573453e-06,1.8845305107261915e-08,0.0001049491610301,0.9941582080220108,8.648893246403411e-07,0.0003845006805919,0.005344717616273,happy
2025-05-30 22:46:51.511509,4.4550133679877035e-06,1.5409714393399554e-08,7.185276626842096e-05,0.9927727580070496,5.482270921675081e-07,0.0005768853588961,0.006573517806828,happy
2025-05-30 22:46:51.718754,1.4883665926390677e-06,7.24591364686944e-09,1.329093606727838e-06,0.95208340883255,3.5487953482515877e-06,9.881927326205188e-06,0.047900304198265,happy
2025-05-30 22:46:51.869541,1.1358593837940134e-05,1.4527556402299524e-07,2.754558408923913e-06,0.9679033160209656,6.117709745012689e-06,3.1801144359633327e-05,0.0320444516837596,happy
2025-05-30 22:46:52.055243,3.4869219689426245e-06,2.563365630869896e-10,6.534961727311385e-08,0.9987228512763976,2.238848821889406e-07,2.864541954750166e-07,0.0012730831513181,happy
2025-05-30 22:46:52.214833,1.369284469115106e-07,5.3887955377224074e-12,5.227844200499936e-08,0.999475538793142,1.4437597128685654e-07,1.598068828832695e-07,0.0005239737177559,happy
2025-05-30 22:46:52.381290,3.3195593424795494e-08,2.2722005593992763e-11,1.3092944721910544e-08,0.9968229536029156,4.671356788518026e-08,1.39825855101431e-07,0.003176780504521,happy
2025-05-30 22:46:52.552406,1.190414806628746e-07,1.4467658489810132e-10,6.135847396188997e-08,0.9992721080346172,1.4201521872301725e-07,1.7599802132209e-07,0.000727436315786,happy
2025-05-30 22:46:52.797349,2.932379349819178e-06,4.802923234520337e-09,4.233868164620421e-06,0.9946851131132312,3.0935697875431193e-06,2.8659700891004975e-06,0.0053017598942971,happy
2025-05-30 22:46:52.936603,1.2249074284691836e-05,1.7503169357656053e-07,4.10100122965235e-06,0.9576584050248153,7.199169834720658e-06,2.5692808201354417e-05,0.0422922087958108,happy
2025-05-30 22:46:53.116885,1.94175253954255e-06,1.0728582076099692e-08,8.424116932323291e-07,0.9728603395390104,6.2992868828040355e-06,4.7453203278759005e-06,0.0271257148384195,happy
2025-05-30 22:46:53.283061,5.725338610514692e-06,1.867525268053338e-07,1.746287047758113e-05,0.9960150716313764,1.2492693775785644e-06,3.4180661023186805e-05,0.0039261381619356,happy
2025-05-30 22:46:53.497547,0.0905250120788827,0.0165652522075476,0.223882344231885,0.464733656017024,0.0925153082627425,0.000466357215488,0.1113121120705738,happy
2025-05-30 22:46:53.681692,0.0003608054982655,1.8958396608545665e-06,0.0004970860889861,0.9780423667380372,3.4080541384351167e-05,0.0004275988685128,0.0206361164884428,happy
2025-05-30 22:46:54.339470,0.0002300454070791,1.6895419321372174e-06,0.0445071831345558,0.0366863682866096,0.1598222255706787,0.0059827934019267,0.7527697086334229,neutral
2025-05-30 22:46:54.515370,0.0001166829312268,1.2310218432287432e-06,0.2763033375920855,0.0444418106640464,0.0114867219097448,0.0411615917778963,0.6264886037402513,neutral
2025-05-30 22:46:54.676762,0.0001751046656863,1.5764536342999236e-08,0.0051569174975156,0.0724858343601226,0.1132100597023963,0.0003121229819953,0.8086599111557007,neutral
2025-05-30 22:46:57.673753,3.805147434262965e-05,1.936370797270954e-11,0.0004916725740461,1.142858120237709e-12,0.9994690417926932,8.411742425496016e-18,1.2734959304542185e-06,sad
2025-05-30 22:46:57.977524,0.0355817638337612,0.0538939125835895,0.0273778084665536,0.0027067763730883,0.7908093929290771,7.853547685954254e-06,0.0896225348114967,sad
2025-05-30 22:47:02.103576,0.0410875417292118,0.1075908914208412,0.0164249911904335,0.0037801056168973,0.7831993699073792,9.539819075143896e-06,0.047907505184412,sad
2025-05-30 22:47:07.321142,0.2721406247783452,0.4471349653166491,0.2399677771291467,0.0001795945641241,0.0394506054461724,4.086015483664797e-06,0.0011223370848774,disgust
2025-05-30 22:47:07.883006,0.4016100466251373,0.5105789303779602,0.0649234429001808,0.0003150225093122,0.0213784761726856,4.883276005784865e-07,0.001193631789647,disgust
2025-05-30 22:47:08.796167,0.0013528860872611,2.7984967232441704e-08,0.0137576721608638,0.5853105783462524,0.1427578926086425,2.102949110849295e-06,0.2568188607692718,happy
2025-05-30 22:47:10.774067,0.0074167708406721,0.0009183525759269,0.0539430427321144,0.218956846719164,0.5587682057895416,0.0003152937776338,0.15968143526537,sad
2025-05-30 22:47:11.185064,0.0016128160059452,3.0513729143422097e-05,0.1455887407064438,0.4541176855564117,0.3080089092254638,0.0008508309838362,0.0897905081510543,happy
2025-05-30 22:47:11.338305,0.0103687656365353,0.3807011104465854,0.0488372205301786,0.5407078314671315,0.0008730880676352,0.0045107072939821,0.0140013161973734,happy
2025-05-30 22:47:11.512881,0.1767383515834808,0.7153652906417847,0.0903095975518226,0.0129085183143615,0.0015526129864156,0.0002100963756674,0.0029154447838664,disgust
2025-05-30 22:47:11.749998,0.0546933449804782,0.0288409031927585,0.153470978140831,0.6573104858398438,0.0077532203868031,0.0007597808144055,0.097171351313591,happy
2025-05-30 22:47:11.905801,0.0204373815171349,1.1141862824109122e-05,0.0737625851489654,0.7359791240679695,0.0109234496011405,0.0109888209991944,0.1478974758325502,happy
2025-05-30 22:47:12.072984,0.0001743311586324,1.4869398228256614e-06,0.0034836584236472,0.9932010769844056,0.0018424965674057,1.0522570846660528e-05,0.0012864221353083,happy
2025-05-30 22:47:12.234410,0.0008132565612002,6.650551316214604e-08,0.9077193847037096,0.003754112421976,0.0798712873612299,5.925655589919616e-05,0.0077826310916088,fear
2025-05-30 22:47:12.411189,0.0012082237517461,7.683087460463867e-06,0.7969404458999634,0.0001625197037355,0.1699799597263336,0.0001542649260954,0.0315468423068523,fear
2025-05-30 22:47:12.586061,0.0812227852674978,0.0008735818096264,0.5103462922160277,0.009120045073921,0.2581200888013734,0.0027518725467476,0.1375652983706833,fear
2025-05-30 22:47:12.983772,0.0001144673742569,2.361397267110931e-07,0.0005342433523543,0.5953670030394789,0.0244265430359193,2.3578869249350142e-05,0.379533871467844,happy
2025-05-30 22:47:14.603187,0.0071683130227029,0.000937644043006,0.6255021691322327,0.0793463364243507,0.0954504236578941,0.0100184809416532,0.1815766543149948,fear
2025-05-30 22:47:15.434280,0.1490248590707779,0.215019404888153,0.1882157176733017,0.0025065392255783,0.0009671674342826,0.4421249330043793,0.0021413851063698,surprise
2025-05-30 22:47:15.611239,0.5001872181892395,0.0116808479651808,0.3166154623031616,0.0373458750545978,0.0929195135831832,0.0001283486635657,0.041122730821371,angry
2025-05-30 22:47:15.770053,0.0125882612646533,4.057681264247001e-05,0.9792726611224007,0.0006160958589615,0.004057894013273,0.0004916846523393,0.0029328545792078,fear
2025-05-30 22:47:15.947741,0.5969803333282471,0.0016205329447984,0.1224882304668426,0.0224271696060895,0.2176593840122223,0.0005227306392043,0.0383016392588615,angry
2025-05-30 22:47:16.114222,0.0071848161335508,4.350363660513844e-05,0.9554791503573478,0.0029607097348469,0.0331827735086949,0.0001067223947863,0.00104228755607,fear
2025-05-30 22:47:16.259736,0.0611438153557557,0.0001101970614797,0.8101413619686797,0.0023220379810974,0.0986095188390635,0.0008777360081208,0.0267953383082554,fear
2025-05-30 22:47:16.427900,0.6519467623202062,0.0056061072822575,0.1643268563942227,0.0599888524406464,0.0855768522964031,0.0003656662229007,0.0321889129095621,angry
2025-05-30 22:47:16.601373,0.4557762444019317,0.0090507473796606,0.2124066054821014,0.1465342044830322,0.1139262020587921,0.0001533065515104,0.0621527396142482,angry
2025-05-30 22:47:16.784253,0.9971180556486878,2.801948252116272e-06,0.0009130238284669,0.0001122378883843,0.0014231454963621,6.28919989337101e-05,0.0003679047441537,angry
2025-05-30 22:47:16.940121,0.0425957255065441,3.650765575002879e-05,0.6776408553123474,0.0002333453739993,0.275770902633667,4.176241054665297e-05,0.0036809293087571,fear
2025-05-30 22:47:17.103912,0.2129393070936203,0.0369280129671096,0.1273070573806762,0.0053831287659704,0.5691277980804443,1.5195030300674262e-06,0.0483131781220436,sad
2025-05-30 22:47:17.345693,0.006121642321148,9.983628528322768e-06,0.9903475636450983,0.0002751671000017,0.0029134272471622,0.0001942672940745,0.0001379303076095,fear
2025-05-30 22:47:17.502270,0.0096649281853394,2.62532118727272e-05,0.989745258673743,1.8388588801021392e-05,0.0001611858556893,0.0003803409280644,3.653118701013943e-06,fear
2025-05-30 22:47:17.674767,0.0036953261587768,8.225355259128264e-07,0.9949939846992492,3.610437943279976e-06,0.0012858586851507,9.001969374367036e-06,1.143077497545164e-05,fear
2025-05-30 22:47:17.831420,0.0014789986290858,4.609127321029941e-07,0.9963239435763428,9.711393365349294e-05,0.0019522660878579,9.150574260835066e-06,0.0001380038283164,fear
2025-05-30 22:47:17.995329,0.0181116871535778,7.083629682824721e-09,0.000242400317802,1.412096662534168e-05,0.2256398051977157,2.8121810828452e-05,0.755963921546936,neutral
2025-05-30 22:47:18.164917,0.0003750502208653,3.823793518957005e-07,0.1530962999944329,0.0070244102746951,0.5121142253739565,3.743046463015539e-05,0.3273521569547465,sad
2025-05-30 22:47:18.442828,0.2120121843822112,0.0001636216863727,0.0037606346799811,3.1686567651023233e-06,0.016256355718157,3.0556994490855857e-07,0.7678037147404977,neutral
2025-05-30 22:47:18.584049,0.2322950363159179,0.0023689775262027,0.0475903339684009,6.120061880210415e-05,0.3902641534805298,0.0003479107690509,0.3270723819732666,sad
2025-05-30 22:47:19.002669,0.0020735801663249,9.019413482747041e-08,2.027604750765022e-06,7.0739901275374e-05,0.0011511235497891,3.446771534854065e-09,0.9967024922370912,neutral
2025-05-30 22:47:19.166658,2.3602281373769074e-07,9.006501328154976e-15,4.898913275042105e-09,0.9999982118606568,6.552632658696211e-09,5.448676449262835e-13,1.521830881756614e-06,happy
2025-05-30 22:47:19.541265,0.0001221136189945,1.340596167470157e-07,0.0553621881768479,0.0003374962723352,0.9169766405848694,7.382509695018699e-11,0.0272013903765213,sad
2025-05-30 22:47:19.700983,0.0004473130442145,1.0490980531901688e-18,1.6570955963754076e-08,5.2822309113684524e-09,0.0011261717703659,1.5062260622660897e-12,0.998426437565513,neutral
2025-05-30 22:47:19.873501,0.5717468602506436,6.198979122024226e-08,0.4248695030730666,0.0006922383739643,0.0020200162001708,4.99105583648437e-05,0.0006214441170659,angry
2025-05-30 22:47:20.045344,0.3459286873425617,7.89751672060146e-08,0.012460042168493,0.0036649317768297,0.6047547334724982,3.0146025936755984e-06,0.0331884024216649,sad
2025-05-30 22:47:20.200298,0.0455608405172824,2.206447106800624e-06,0.7273607850074768,0.0822404995560646,0.0013428292004391,0.0808735862374305,0.0626192465424537,fear
2025-05-30 22:47:20.386000,0.3430729210376739,1.1063849569836748e-06,0.0225565899163484,0.0010703655425459,0.0733871608972549,0.0002088416658807,0.55970299243927,neutral
2025-05-30 22:47:20.607327,0.9556109256280572,1.026905224169715e-05,0.0371724374201819,1.8154221269933344e-06,0.0028969655938554,1.4885004885406816e-05,0.0042927079363415,angry
2025-05-30 22:47:20.812650,0.0394682772457599,3.955282863898901e-06,0.9236481189727784,0.0357725843787193,0.0005631460808217,0.0005144143942743,2.959090306831058e-05,fear
2025-05-30 22:47:20.975260,0.9898814558982848,5.024738857173361e-05,0.0031410176306962,0.0001915371685754,0.0014151370851323,0.000204186013434,0.0051163793541491,angry
2025-05-30 22:47:21.134735,0.0824381983353855,0.0001089842714602,0.8851094382870868,0.0015727002627163,0.0268732351811843,0.0011441387269182,0.0027532844316024,fear
2025-05-30 22:47:21.312991,0.2445951259618847,0.0165147798937821,0.6778945114738332,0.025938898958099,0.0256870917156825,0.0002860652989555,0.0090834627275511,fear
2025-05-30 22:47:21.477917,0.1301031565789171,1.824565187370725e-05,0.0133104405400682,0.0002852062219813,0.0888963522191467,0.0001106159311335,0.7672760209174182,neutral
2025-05-30 22:47:21.648204,0.1777233183383941,0.0021478505805134,0.7709274888038635,0.0003119214670732,0.0129750175401568,0.0156679805368185,0.0202464554458856,fear
2025-05-30 22:47:21.806184,0.9593489717661108,4.688799358127935e-05,5.795916476638344e-05,0.0338706302786624,0.0036271214152421,5.426181006642216e-05,0.0029942052282935,angry
2025-05-30 22:47:21.972697,0.1204497883259997,7.60127440566707e-10,1.9645212955708624e-06,7.218650304060187e-06,0.0368486575005838,4.3102799360958774e-08,0.842692356430573,neutral
2025-05-30 22:47:22.149032,0.3815914690494537,8.124115083774086e-06,0.0482515096664428,0.0001692442601779,0.1696591824293136,9.41024045459926e-05,0.4002263844013214,neutral
2025-05-30 22:47:22.305577,0.7172025442123413,0.0002698304888326,0.0121334819123148,0.004641386680305,0.0874344408512115,0.00014533540525,0.1781730055809021,angry
2025-05-30 22:47:22.483873,0.9304514444412524,7.627368631560295e-06,0.0002743206604971,8.804804705563004e-06,0.052890485869704,1.0953832712167025e-06,0.0163662732531158,angry
2025-05-30 22:47:22.631789,0.0093692408881496,4.634404733732756e-07,0.7321901640665335,0.0007427225051741,0.0005138032107923,0.2564699344074804,0.000713591728043,fear
2025-05-30 22:47:22.891617,0.9124117441422788,0.0022332078245704,0.0019141747593015,0.0070914770046756,0.0687501918524618,5.550568279215479e-05,0.007543706319106,angry
2025-05-30 22:47:23.059344,0.0947354510426521,0.0138440812006592,0.1091058477759361,0.0123703218996524,0.6051584482192993,2.5047393137356263e-05,0.1647608280181884,sad
2025-05-30 22:47:23.234014,0.2487596571445465,0.0068440912291407,0.2325180321931839,0.0032180747948586,0.491242378950119,1.7471073078922927e-05,0.0174002647399902,sad
2025-05-30 22:47:23.414219,0.6100457310676575,8.716863703739364e-06,0.3583767712116241,2.4110142476274632e-05,0.0309553295373916,2.880194971410787e-09,0.0005893706111237,angry
2025-05-30 22:47:23.568683,0.03954054650906,0.004347338600298,0.1884949915704126,0.0005556193395141,0.751089081233089,4.5381532776558864e-05,0.0159270679758231,sad
2025-05-30 22:47:23.761596,0.9795374845907072,1.3182484943040131e-06,0.0001884837044644,0.0007409483379138,0.011989131136433,8.400501065871573e-07,0.0075418650781351,angry
2025-05-30 22:47:24.007545,0.1476687043905258,0.000242089270614,0.7681034207344055,2.328266236872878e-05,0.0057745538651943,0.0749613866209983,0.0032266073394566,fear
2025-05-30 22:47:24.166556,0.2791531980037689,0.0039329738356173,0.1908143609762191,0.0022584351245313,0.4515165090560913,0.0028142149094492,0.0695102587342262,sad
2025-05-30 22:47:24.333530,0.8887655867617623,0.0623672455707495,0.0456248243898362,0.0007176828530026,0.0007795947256608,0.0006294023310174,0.0011155832160314,angry
2025-05-30 22:47:24.508990,0.7657713890075684,0.0021802764385938,0.0457014888525009,0.0006345322472043,0.171744555234909,0.0003388389595784,0.0136289373040199,angry
2025-05-30 22:47:24.667772,0.8279307382065498,0.0016257385528155,0.1588109081274812,0.0105906777808474,0.0007156288910659,9.238568423333e-05,0.0002339290070547,angry
2025-05-30 22:47:24.837201,0.9909290059081922,0.0001962802840264,0.0011337640161464,5.964083877721899e-05,0.0038467657180307,7.95284355589744e-05,0.0037550599975246,angry
2025-05-30 22:47:25.080512,0.2602267730641555,0.4123734079074993,0.0333679378094562,0.2261028694098358,0.0313961040489859,0.0011492451612419,0.0353837337285996,disgust
2025-05-30 22:47:25.245620,0.0041844071820378,0.0270547065883874,0.0009223648230545,0.7648037672042847,0.0073874318040907,0.0001106840936699,0.1955366134643554,happy
2025-05-30 22:47:25.398251,0.0007152064780455,0.0015911881130524,0.0004543394004718,0.9733039124789186,0.000442099551013,0.0004472933626983,0.0230460124788291,happy
2025-05-30 22:47:25.569359,0.0039276527240872,0.11466995626688,0.0287675820291042,0.0922520905733108,0.0121040008962154,0.0040442184545099,0.7442345023155212,neutral
2025-05-30 22:47:25.710828,0.1087459568684152,6.708779575926058e-08,0.8910923730024847,1.6890440098119358e-06,0.0001595170279795,1.0404782283307557e-07,2.541025007251638e-07,fear
2025-05-30 22:47:25.857707,0.0272177779265906,0.0129212293271745,0.4521117565498642,0.3563127688988722,0.0277621973738435,0.0313048213654969,0.0923693964040999,fear
2025-05-30 22:47:26.228871,0.0156069556251168,0.1242577359080314,0.0362003110349178,0.0653633624315261,0.0509566739201545,0.0029659180436283,0.7046490907669067,neutral
2025-05-30 22:47:26.390575,0.5223311755262404,0.3650912803302669,0.0935463048760527,0.0016406163712973,0.0086193642548484,0.0074077016225216,0.0013635018379164,angry
2025-05-30 22:47:26.571908,0.0431860536336898,0.2251928746700287,0.2313800007104873,0.0530635379254817,0.0306324269622564,0.0127883339300751,0.4037567675113678,neutral
2025-05-30 22:47:26.734778,0.4834842383861542,0.06169318780303,0.3329976797103882,0.0003430754877626,0.0614256709814071,0.0030958189163357,0.0569603480398654,angry
2025-05-30 22:47:26.903026,0.2781752943992615,0.2521734833717346,0.3590292036533355,0.0181317050009965,0.0047906679101288,0.0031264501158148,0.0845732018351554,fear
2025-05-30 22:47:27.295844,0.2981674671173095,0.2724917829036712,0.3180619478225708,0.0177100617438554,0.0417594872415065,0.0033995721023529,0.048409629613161,fear
2025-05-30 22:47:27.455475,0.3454120045409197,0.173812785886194,0.3506949423915216,0.0055444410911868,0.0540328557452135,0.0037253927655049,0.0667774895694864,fear
2025-05-30 22:47:27.631171,0.0922813415527343,0.3144027292728424,0.2575269341468811,0.0042467224411666,0.1409171968698501,0.0005373494932428,0.1900877058506012,disgust
2025-05-30 22:47:27.803083,0.1845771670341491,0.4661643505096435,0.3304935097694397,0.0011326815001666,0.0032253128010779,0.0065735317766666,0.0078334594145417,disgust
2025-05-30 22:47:27.956134,7.333632528358173e-05,2.8048776879214273e-05,1.2932944905381232e-05,0.9579905917655716,6.327086039797158e-06,0.0001323695893461,0.0417563455693309,happy
2025-05-30 22:47:28.274149,0.0105831058273441,0.2518250646382647,0.104285103593481,0.2685361824674823,0.0115840663041551,0.0174042435621313,0.3357822997310519,neutral
2025-05-30 22:47:28.429837,7.542493232349741e-06,1.1917733388980968e-05,1.974498835532803e-07,0.942921943316228,0.0005210366759517,4.8220739408508275e-06,0.0565324656328599,happy
2025-05-30 22:47:28.593356,0.0007297865231521,0.0002370377333136,9.388901162310503e-06,0.9793439507484436,0.0041639902628958,1.4214872862794437e-05,0.0155016565695405,happy
2025-05-30 22:47:28.771804,0.0861561223864555,0.0990334078669548,0.0675011351704597,0.2921234965324402,0.1816582381725311,0.0028698286041617,0.2706577479839325,happy
2025-05-30 22:47:28.934784,4.1124689787197585e-06,1.5010622776142238e-06,1.7523114380046853e-07,0.999418854782718,3.4323925775510725e-06,1.1046299552744517e-06,0.000570758119638,happy
2025-05-30 22:47:29.101181,0.3521202118468411,0.0449863773576246,0.2150210717333002,0.0209164855430415,0.0062167434002008,0.0324619916058773,0.3282771306203085,angry
2025-05-30 22:47:29.262947,0.692945998486638,0.1896340363999626,0.0091229859589329,0.0013491047651904,0.012401777127491,0.0003165441637475,0.0942295845883837,angry
2025-05-30 22:47:29.513043,0.0804450261858121,0.8406557345781168,0.0356352052471164,0.0157880419962431,0.0019071695833083,0.0001183817582916,0.0254504341900607,disgust
2025-05-30 22:47:29.801210,0.212521535904499,0.767271862463466,0.0126767370955191,0.0001957599423161,0.0022992069340769,9.273688745234235e-05,0.0049422493356316,disgust
2025-05-30 22:47:29.969198,0.0224108938127756,0.0697615593671798,0.0504814088344574,0.0153937051072716,0.8251748085021973,3.126784213236533e-05,0.0167463514953851,sad
2025-05-30 22:47:30.136009,0.0770896421128298,0.0401802086937551,0.0940621029771627,0.4316866953186211,0.0801157328555424,0.0123372336752554,0.2645284095125442,happy
2025-05-30 22:47:30.660696,2.02280466510274e-06,6.252069852052955e-06,5.5160267464771096e-08,0.8136234879493713,8.391159644816071e-05,4.6976033445389476e-06,0.1862795650959015,happy
2025-05-30 22:47:30.953001,0.1978238609819246,0.7498505413354088,0.0185252915799965,0.0057889658408124,0.0006526062693759,0.0001160230887829,0.0272426823964932,disgust
2025-05-30 22:47:32.607923,0.0374408178031444,0.923995316028595,0.0359052680432796,7.117808854673058e-05,0.0012681711232289,8.920030813897029e-05,0.0012300641974434,disgust
2025-05-30 22:47:32.851108,0.1796255111694336,0.4662154912948608,0.2652628123760223,0.0023495787754654,0.0228753872215747,0.0028317214455455,0.0608395598828792,disgust
2025-05-30 22:47:35.467240,0.0224115393416238,0.9233312698207772,0.0163607969002965,0.0319974831345697,0.0053461401869487,6.876393216496024e-05,0.0004839695471356,disgust
2025-05-30 22:47:35.631134,0.000452557549579,1.7270504031330347e-05,0.1303477883338928,0.0014941630652174,0.0354476608335971,1.4100661474003573e-06,0.8322391510009766,neutral
2025-05-30 22:47:35.797697,0.0001318477431763,7.897996478999455e-06,9.31828579144498e-05,0.9830871840611476,0.0005502003404073,3.942612450586149e-07,0.0161292719984922,happy
2025-05-30 22:47:35.972752,0.0009703221730887,0.0002109225897584,0.308621346950531,0.0774288922548294,0.4214378893375397,4.797538622369757e-06,0.1913258880376815,sad
2025-05-30 22:47:36.204474,4.783722943102475e-06,3.239893464623833e-09,9.250726179743651e-06,0.1124593019485473,0.0017951369518414,1.013547290540373e-08,0.8857315182685852,neutral
2025-05-30 22:47:36.361555,1.6218487886021652e-08,6.750623393614317e-10,5.021087417844683e-05,0.993752658367157,0.0001552960602566,1.5489638016674693e-08,0.0060418536886572,happy
2025-05-30 22:47:36.527136,2.080262447634595e-06,1.464759535885207e-09,1.601891170821546e-07,0.9576151371002196,8.660943422000855e-06,1.258093220712908e-07,0.0423738956451416,happy
2025-05-30 22:47:52.324637,0.0681640356779098,1.5514441429331782e-06,0.0030699311755597,0.5910386443138123,0.000691287103109,0.0001907637488329,0.3368437588214874,happy
2025-05-30 22:47:52.887382,0.0224262084811925,3.502920264963905e-07,0.0033553843386471,0.0075110183097422,0.0116125810891389,1.6217370557569666e-06,0.9550928473472596,neutral
2025-05-30 22:47:53.058607,0.0071165585788716,3.335344331689838e-07,9.289486099449712e-05,0.1224241334290345,0.0058220976542416,1.0211522441345852e-05,0.864533738549502,neutral
2025-05-30 22:47:53.220438,0.5064007043838501,7.6174609375812e-07,0.4578384757041931,0.0250107552856206,0.0036031994968652,0.000557716586627,0.0065883127972483,angry
2025-05-30 22:47:53.979303,0.1531279178338002,6.185056604721348e-07,0.0184209078354184,0.0307211670709351,0.014171306888539,0.0002545938920639,0.7833034863056831,neutral
2025-05-30 22:47:54.171572,0.0032693626910813,1.2927237296207224e-07,0.0003922000702943,0.000266841657765,0.0749951571223233,2.004502239323241e-09,0.9210762930557902,neutral
2025-05-30 22:47:54.797529,1.4014106454851571e-05,6.058981788514828e-11,1.8532628018874675e-05,0.9622440934181212,5.022816822020104e-06,2.2507815629069228e-06,0.0377160646021366,happy
2025-05-30 22:47:55.033518,9.244109917860148e-10,1.3993536331105296e-11,6.713670304622699e-07,0.999756216988338,2.8400588108762296e-07,1.770564023236201e-09,0.0002428491278945,happy
2025-05-30 22:47:55.616176,0.0002349342243147,1.078876643491876e-07,1.5851565912133287e-05,0.9994546174677978,1.4521514414520396e-05,3.843796550342678e-07,0.0002796004285518,happy
2025-05-30 22:47:56.902024,0.0001246106403414,2.357270767472386e-10,8.715031981409993e-06,0.9775450229644777,6.923001365066739e-06,1.699251299669413e-07,0.0223145987838506,happy
2025-05-30 22:48:08.986520,0.0164974741637706,2.708276497287443e-06,0.0006038912106305,0.0232820156961679,0.0519478991627693,2.33011155614804e-06,0.9076637029647828,neutral
2025-05-30 22:48:09.140440,0.001430122965507,1.5694397828654524e-07,2.3695192387902463e-05,0.8143883832924594,0.0011713923420469,1.3554614168529218e-05,0.1829726954086241,happy
2025-05-30 22:48:09.741146,0.0085834180936217,1.5722672515039449e-06,0.0002561676083132,0.1034994795918464,0.020882349461317,8.201091986848041e-06,0.8667688369750977,neutral
2025-05-30 22:48:10.645522,0.0404021218419075,4.922451807942707e-06,0.0004927284317091,0.0416428819298744,0.0310910027474164,1.611911466170568e-05,0.8863502740859985,neutral
2025-05-30 22:48:10.818801,0.687943160533905,0.0016739927232265,0.0534680597484111,0.0010192678309977,0.1433959752321243,3.1394578400067985e-05,0.1124681532382965,angry
2025-05-30 22:48:10.978800,0.0029517377261072,1.4294369066192305e-06,5.4756190365878865e-05,0.3531717658042907,0.0072717005386948,3.029721710845479e-06,0.6365455985069275,neutral
2025-05-30 22:48:11.143071,0.0052970931865274,1.6420890460722148e-06,0.0001385892101097,0.3088865578174591,0.0022370065562427,3.183264925610274e-05,0.6834073066711426,neutral
2025-05-30 22:48:15.571766,0.0001036232329916,5.201613641280258e-06,0.9991385935710184,1.0782908624002994e-05,5.2437327097382274e-05,0.0006878625373788,1.516790529248072e-06,fear
2025-05-30 22:48:15.750222,0.0163396001713991,4.959949274153106e-07,0.9431974224087504,0.0352023434880189,0.0032991901247728,0.0001277474227609,0.0018332732000006,fear
2025-05-30 22:48:15.958601,0.026118095658308,9.637194017689714e-07,0.8790303396600687,0.004380330238809,0.0006238976283273,0.0891615205503416,0.0006848829624545,fear
2025-05-30 22:49:04.261067,0.0117019964382052,3.2947772865554725e-07,0.0248434394598007,0.0009069551597349,0.008694302290678,0.007350692525506,0.9465022683143616,neutral
2025-05-30 22:49:04.491556,0.0272976756095886,6.306426030278089e-07,0.2436112612485885,0.0105820363387465,0.1373653411865234,0.0754583999514579,0.5056846737861633,neutral
2025-05-30 22:49:04.655360,0.4682979583740234,0.0007289720233529,0.3986549079418182,0.001508860499598,0.0367032513022422,0.0517307333648204,0.0423753522336483,angry
2025-05-30 22:49:04.816348,0.4351863640324635,0.0016723701599395,0.2119065121523723,0.0097280207600568,0.0219966444973177,0.0352673786559845,0.2842426855274814,angry
2025-05-30 22:49:05.071063,0.0001049670245265,1.969069529650369e-07,0.0130042340606451,0.8135759234428406,0.0178608056157827,0.0223927404731512,0.1330611705780029,happy
2025-05-30 22:49:05.214079,6.72546520945616e-05,1.1124173582288677e-08,0.2380159199237823,0.1221568211913108,0.0623234771192073,1.0271332030242776e-05,0.5774262547492981,neutral
2025-05-30 22:49:05.713692,4.3048221414210275e-06,4.88411366905694e-10,0.2827547490596771,0.0006505021010525,0.716211199760437,8.32129298800055e-09,0.0003792534407693,sad
2025-05-30 22:49:08.229961,0.1729083600153493,0.0022718703459953,0.2599524247703046,0.0001971947987415,0.3373854950206881,0.0001796237706515,0.2271049795025611,sad
2025-05-30 22:49:10.863912,7.463316595232602e-05,3.1677280755506706e-07,0.0012428651415619,0.1938259832651595,0.804696834647278,8.90224999924506e-10,0.0001594094400335,sad
2025-05-30 22:49:13.807987,0.0037694377824664,1.3941992165200643e-06,0.7457553744316101,6.625292007811368e-05,0.1781095713376999,4.271902434993535e-05,0.0722552388906478,fear
2025-05-30 22:49:19.873354,0.0084863239096017,5.8194906839414385e-08,0.4366366342739302,0.0211011276571598,0.0232366146759254,0.0318803525709685,0.4786588277031389,neutral
2025-05-30 22:49:20.738122,0.0038649626076221,5.68994795724364e-10,0.0123396581038832,0.0010933883022516,0.0096679097041487,0.0011633305111899,0.9718707203865052,neutral
2025-05-30 22:49:22.604252,0.0734205469489097,1.8660823570826324e-06,0.5238414406776428,0.005490057170391,0.0033633930142968,0.3885121941566467,0.0053705214522778,fear
2025-05-30 22:49:22.794692,0.0303863268345594,2.9038195847874704e-08,0.9248827695846558,0.000492978724651,0.0050737643614411,0.0354627631604671,0.0037013641558587,fear
2025-05-30 22:49:22.945954,0.0019157971233232,2.361516350005637e-07,0.9924632902421529,0.0040346442332651,6.170200144306579e-05,0.0014982217418832,2.6108091070473033e-05,fear
2025-05-30 22:49:23.121931,3.96880063599321e-09,1.089325309519781e-12,1.7616143763454237e-06,0.9999971985815286,6.37461232936775e-10,9.64782866704079e-10,1.019138782603731e-06,happy
2025-05-30 22:49:23.380165,2.5520697818137705e-05,3.3431362567171163e-08,0.0044756210409104,0.9538867473602296,1.636311753827613e-05,0.0059663765132427,0.0356293581426143,happy
2025-05-30 22:49:23.565779,5.688668807124486e-07,5.2074664025347766e-11,2.5452198315178975e-05,0.99294513463974,3.5732583558711895e-11,0.0070287035778164,1.6115342305056404e-07,happy
2025-05-30 22:49:23.745778,3.042580555664753e-07,1.5334325002286708e-10,1.5156794057307392e-07,0.999935686584454,3.3083970869742976e-10,2.997487350915736e-05,3.3880214887516344e-05,happy
2025-05-30 22:49:24.002830,3.57926296601363e-06,1.4443816809261989e-08,9.699036309029908e-05,0.99986469745636,1.1285153256324064e-08,6.777500857424457e-06,2.7941106964135543e-05,happy
2025-05-30 22:49:24.176870,1.280433116335189e-05,1.4394470326806188e-07,0.0033567110076546,0.9955818057060242,2.085014161323784e-09,0.0010207645827904,2.7795937057817355e-05,happy
2025-05-30 22:49:24.360137,5.81092672291561e-06,6.192306614138943e-07,0.0024843607097864,0.997400164604187,7.43239025879916e-09,6.0199785366421565e-05,4.882497159997001e-05,happy
2025-05-30 22:49:24.648036,1.4242779798223635e-05,6.7282126536838405e-09,0.0001176260411739,0.9976046085357666,1.6509767419847776e-07,0.0011836541816592,0.0010796634014695,happy
2025-05-30 22:49:24.811018,0.0003489909161153,3.100854740809853e-07,0.0169452352738099,0.8597031998988152,0.0002366898706682,0.0120346541139895,0.1107309328638395,happy
2025-05-30 22:49:24.979143,0.5099025672616104,7.964359176141664e-06,0.4886043064954463,2.890061923065421e-06,0.0005213854912376,0.0008307613229087,0.000130159991868,angry
2025-05-30 22:49:25.228585,0.3762640655040741,5.6278662668773904e-05,0.612960934638977,0.0039196624420583,2.681479418242816e-05,0.0066753705032169,9.68786043813452e-05,fear
2025-05-30 22:49:25.526440,0.0001841208396095,7.295198409427141e-07,0.0024554598211771,0.9961860177627812,2.418776860865328e-07,0.0004314274958906,0.0007420137850464,happy
2025-05-30 22:49:26.151968,0.0001147875373135,6.830216947584232e-11,0.0082085123285651,0.001004982390441,1.0638250103056637e-07,0.990671157836914,4.5199692522146506e-07,surprise
2025-05-30 22:49:26.317900,0.0012606044352787,1.93583916000503e-08,0.0876143030890407,0.0212475539742442,7.621864483104683e-07,0.8898643785634266,1.2407858606058129e-05,surprise
2025-05-30 22:49:26.886577,0.1537088717569265,4.321148875186168e-05,0.6982435943789966,0.0261047712141548,0.0001945512108248,0.1081294735515745,0.0135755178167798,fear
2025-05-30 22:49:27.310139,0.1860365531466337,3.920136584301937e-06,0.6816316653270522,8.260660744209111e-05,5.059252299873296e-05,0.1321641732552154,3.046936580798534e-05,fear
2025-05-30 22:49:27.695652,0.0636889636516571,0.0047881379723548,0.3878678381443023,0.0064086480997502,0.0007622650009579,0.5084021091461182,0.0280820056796073,surprise
2025-05-30 22:49:29.522475,9.643113604450094e-05,3.955603372929685e-08,0.0019869501662164,0.991296530807432,1.995403995086606e-07,0.0033998790335054,0.0032199323995491,happy
2025-05-30 22:49:29.822146,7.288770575542003e-06,5.811363109481382e-12,3.552536145434715e-05,0.9985860586166382,6.542409636267621e-08,0.0006386249442584,0.0007324825273826,happy
2025-05-30 22:49:29.990220,0.0019006682559847,2.277125304317451e-06,0.0284007154405117,0.931042492389679,7.338417162827682e-07,0.0380796529352664,0.0005735020386055,happy
2025-05-30 22:49:30.153160,0.0003518715966492,2.1249590531624565e-07,0.0008834080072119,0.9924588799476624,3.7533734342787284e-08,9.411513747181743e-05,0.0062114452011883,happy
2025-05-30 22:49:30.313492,0.000680296064427,5.177539654715e-07,0.0001650857208352,0.9951856726629345,5.301966843889565e-06,0.0010476932014382,0.0029154260392994,happy
2025-05-30 22:49:30.498707,0.0003695432316984,2.6877838447117957e-08,0.0002857798997218,0.9947981235264614,7.705353827967036e-07,0.0021130730260505,0.0024327143614121,happy
2025-05-30 22:49:30.740429,7.96605210968045e-05,3.9730290760657536e-08,0.0002097570520587,0.9978270529405506,3.754253949445035e-07,0.0009541779277542,0.0009289923444907,happy
2025-05-30 22:49:30.910487,0.0022666760674372,1.2607427853757046e-08,3.302289966467356e-05,0.996375441335168,1.1985403748872542e-05,8.12546544012594e-05,0.0012315890787371,happy
2025-05-30 22:49:31.080799,0.0003887791767547,1.2282635197168276e-08,9.316109035844894e-05,0.9972124098069912,4.711786513136432e-07,0.0007507494749016,0.0015544027318076,happy
2025-05-30 22:49:31.336365,0.0039745168760418,2.0473999029491097e-06,0.517734944820404,0.4388817548751831,1.352118601971597e-06,0.0362994112074375,0.0031059354078024,fear
2025-05-30 22:49:31.511583,0.0056099656800966,0.0001327177875322,0.0134262901557934,0.9737364681081212,2.954742842772199e-06,0.0046143936080463,0.0024771713027004,happy
2025-05-30 22:49:31.685735,0.0002403798716841,3.37495453095471e-06,9.597517782822253e-05,0.9936572909355164,1.706926013866905e-05,1.611095285625197e-06,0.0059843272902071,happy
2025-05-30 22:49:31.940218,0.0005901476373326,1.194562316026051e-07,0.0011592228183341,0.950978392479228,8.194908399785193e-06,0.0329172389706658,0.0143466832455019,happy
2025-05-30 22:49:32.120895,0.0005120859132148,1.697413409829096e-08,0.0115647539496421,0.4805947840213775,5.6125304581655655e-06,0.5022332668304443,0.0050895125605165,surprise
2025-05-30 22:49:32.278347,7.053498120512813e-05,3.244704505078744e-10,5.968905043118866e-06,0.9995658993721008,2.1136713712621713e-07,1.402130180849781e-07,0.0003571950946934,happy
2025-05-30 22:49:32.552631,1.1204667771380628e-06,2.0942267017765023e-11,1.4941693393666358e-07,0.9996498823165894,2.1530413563120016e-10,0.0003410670324228,7.859959623601753e-06,happy
2025-05-30 22:49:32.721149,0.0052489753215894,1.5378370569885096e-06,0.0765859455815521,0.8972222147716411,0.0002982298497452,0.0141201800701129,0.0065229748538419,happy
2025-05-30 22:49:32.877397,0.001446003878996,7.981315568998523e-07,0.0003854177423443,0.9957711694104175,7.635191014178307e-05,2.9828122892300472e-05,0.0022904250273361,happy
2025-05-30 22:49:33.053067,0.0007511346350168,4.023291479525533e-06,0.0013382621907152,0.9840094437604812,2.4884089389892035e-05,0.0002770378361273,0.0135951962974784,happy
2025-05-30 22:49:34.530384,0.6526360486691085,2.5949769316805252e-05,0.3174402983379897,0.0032246402642977,0.0214604866881048,0.0020634063018243,0.0031492985828456,angry
2025-05-30 22:49:34.668662,0.3020359339756887,0.000337898305851,0.5901386249230653,0.0062584591108213,0.0011350159955043,0.0997464105184567,0.0003477009427786,fear
2025-05-30 22:49:34.848834,0.4190172053555006,0.0026185267277328,0.3205308532082017,0.1682497062385432,0.0125436935521729,0.0654243078322043,0.0116157080169668,angry
2025-05-30 22:49:35.006710,0.780534718100395,7.045392088415276e-05,0.1241584344695132,0.0890317888893829,0.0034568944875919,0.0024936849430125,0.0002540641883576,angry
2025-05-30 22:49:35.159338,0.6528851182988356,2.5856368387870096e-05,0.2376603774821983,0.0023557226180715,0.0110269130260892,0.0240382529221923,0.0720077795986997,angry
2025-05-30 22:49:35.305311,0.3698148727416992,4.329300645622425e-05,0.6179882884025574,0.0011204646434634,0.0057183029130101,0.002344065811485,0.0029707243666052,fear
2025-05-30 22:49:35.574500,0.050868472560462,3.856877543083695e-05,0.9203135276214514,0.0143439861350042,0.0025680159020293,0.0062087786334787,0.0056586779880437,fear
2025-05-30 22:49:35.738424,0.7276065349578857,1.459962732042186e-05,0.1738705784082412,0.0395802035927772,0.0292577296495437,0.0002778113412205,0.029392521828413,angry
2025-05-30 22:49:35.907338,0.173100584971835,0.0018345971034574,0.657539229686352,0.0248664345751482,0.001040422699252,0.1408644746703535,0.0007542502400055,fear
2025-05-30 22:49:36.081498,0.3574284017086029,1.457975486118812e-05,0.0732318609952926,0.3599876165390014,0.0011346330866217,0.197194755077362,0.0110081192106008,happy
2025-05-30 22:49:36.228572,0.0044332509860396,3.3591831538615224e-07,0.2948709428310394,0.0170282665640115,0.0113194938749074,0.0002216750290244,0.672126054763794,neutral
2025-05-30 22:49:36.364420,0.0013890337431803,4.22028234581262e-09,0.0032356935553252,0.9706868529319764,0.0001285982871195,0.0001770708913682,0.0243827197700738,happy
2025-05-30 22:49:36.541598,6.91480454406701e-05,3.87718479544219e-09,0.0046737669035792,0.594897985458374,0.0003444455214776,0.0018006548052653,0.3982140123844147,happy
2025-05-30 22:49:36.850639,0.0036693699516725,9.069576919395142e-08,0.0109739552273723,0.9780769931123848,0.000231612909537,0.0039962490608542,0.0030516876795403,happy
2025-05-30 22:49:37.004635,0.8492799907493586,1.1602313188968034e-06,0.0151373594708656,0.0046330520850749,0.0084180008049607,0.000511733612745,0.1220187170516679,angry
2025-05-30 22:49:37.172979,0.0103829183345534,1.0375413139694365e-06,0.003216105129885,0.9567847303408706,0.0007015259798659,0.0251792900050532,0.0037343725766989,happy
2025-05-30 22:49:37.422178,0.9026776552200316,5.716431132896105e-06,0.0144476573914289,0.0024917286355048,0.0161041431128978,0.0007123317336663,0.0635608062148094,angry
2025-05-30 22:49:37.576807,0.7583310604095459,5.0433827709639445e-06,0.0036773383617401,0.2275038659572601,0.0037161146756261,0.0019684031140059,0.0047982167452573,angry
2025-05-30 22:49:37.723846,0.3833414157222014,4.740462262505507e-06,0.0812630929037221,0.0025581402448546,0.0357683146574122,0.00417855937513,0.4928857096569884,neutral
2025-05-30 22:49:37.880192,0.9219050267764972,1.3266343429012748e-06,0.0071782012267174,0.0223747699483817,0.0012248172286571,0.0195555368016129,0.027760419370607,angry
2025-05-30 22:49:38.052139,0.4220836162567138,4.070733120897785e-05,0.3470535576343536,0.0012604303192347,0.0528676211833953,0.0076675498858094,0.169026494026184,angry
2025-05-30 22:49:38.209236,0.5677502155303955,5.1274464567541145e-06,0.0805488154292106,0.0050695110112428,0.0489773042500019,0.0023778725881129,0.2952711880207062,angry
2025-05-30 22:49:38.377959,0.1722286790609359,2.967279033327941e-05,0.5533096790313721,0.0045357779599726,0.0677143260836601,0.0025837244465947,0.1995981037616729,fear
2025-05-30 22:49:38.622895,0.024800762149737,7.196926932608952e-07,0.0173609807259428,0.0005456891701781,0.0082806521374375,0.0005953097488729,0.948415872360222,neutral
2025-05-30 22:49:38.771595,0.870233952999115,1.1277176781732123e-05,0.0106930816546082,0.0854818820953369,0.0016689179465174,0.028805149719119,0.0031057505402714,angry
2025-05-30 22:49:38.948213,0.1334342658519745,0.0003809198969975,0.2999400198459625,0.049039851874113,0.0925107970833778,0.0315343104302883,0.3931598663330078,neutral
2025-05-30 22:49:39.111068,0.8663917939195879,4.154115827542892e-05,0.0032272814651094,0.0453335998554706,0.0007015805786453,0.0544130700036203,0.029891085041632,angry
2025-05-30 22:49:39.281660,0.9828349937698242,1.502979533597015e-06,0.0051822344136079,0.0040149714396876,0.0025421419764841,0.0002266174259162,0.005197577488278,angry
2025-05-30 22:49:39.433988,0.5589272975921631,3.589082098187646e-06,0.0076734414324164,0.2637474238872528,0.0014716000296175,0.092129923403263,0.0760467499494552,angry
2025-05-30 22:49:39.597817,0.3241957426071167,2.1517229470191523e-05,0.1883492320775985,0.000331137824105,0.2367589026689529,0.0003302379336673,0.2500132620334625,angry
2025-05-30 22:49:39.881857,0.5682880878448486,1.6285654055536725e-05,0.074291855096817,0.0036300988867878,0.013393728993833,0.0074243666604161,0.3329556286334991,angry
2025-05-30 22:49:40.045541,0.6047038796367573,0.000160183286878,0.3379507862300149,0.0001482810127688,0.0348137898632162,0.0006046983540995,0.0216184345852395,angry
2025-05-30 22:49:40.206965,0.0022516488097608,2.5990791741037356e-08,0.0029742137994617,0.0002585738839115,0.0063547082245349,9.896073606796564e-06,0.988150954246521,neutral
2025-05-30 22:49:40.378304,0.0008882816659287,2.764514280648123e-09,0.0007645473562758,0.0004209271784673,0.0018465963530953,1.720836940470271e-05,0.9960624570921012,neutral
2025-05-30 22:49:40.536258,0.0002061507984763,1.8172668925231503e-09,0.0003925806377083,0.0001198933241539,0.0004108310968149,9.962799595086835e-06,0.9988605976104736,neutral
2025-05-30 22:49:40.699159,0.0918630436062812,7.563425441503568e-08,0.0088281873613595,0.0046629500575363,0.0061809970065951,0.0006418102420866,0.8878229856491089,neutral
2025-05-30 22:49:40.879305,0.3127436637878418,1.0765033948700877e-05,0.282823771238327,0.0030544097535312,0.0583033375442028,0.0018236208707094,0.3412404656410217,neutral
2025-05-30 22:49:41.121138,0.1172828078269958,8.87677003902354e-07,0.0162329040467739,0.0002284770016558,0.0554252862930297,0.0001440329506294,0.8106855750083923,neutral
2025-05-30 22:49:42.784589,0.8056914094502574,2.148844381658304e-13,0.1942956414398933,1.5895083506618277e-12,1.29500211630262e-05,1.2794038813795624e-10,8.125583468564447e-10,angry
2025-05-30 22:49:43.286660,0.2286546068581704,2.4614464212512328e-05,0.7575003360212049,0.0002673955036916,0.0002068822773783,0.0131562089938645,0.000189980241385,fear
2025-05-30 22:49:43.445518,0.0809967868331924,1.1235217495939263e-06,0.9098991859079376,0.0001325752660914,0.0005883530128661,0.0083765219224665,5.383942420226867e-06,fear
2025-05-30 22:49:43.606602,0.60015869140625,0.0026487112045288,0.309556096792221,0.0006128101376816,0.0454772338271141,0.0285879988223314,0.0129584642127156,angry
2025-05-30 22:49:43.777063,0.5948706269264221,0.0043052108958363,0.2759507894515991,0.0001369730453006,0.0005307639366947,0.123995766043663,0.0002098860713886,angry
2025-05-30 22:49:43.931356,1.0675561270545586e-06,6.845766358301586e-13,0.0029230345971882,1.6818124777273624e-06,1.1539950328653958e-08,0.9970742464065552,9.686513396944818e-11,surprise
2025-05-30 22:49:44.186432,3.989521064795554e-05,3.7494056470688264e-11,0.0042786337435245,0.0001166055153589,2.884366967492724e-09,0.995564877986908,5.978559425301455e-09,surprise
2025-05-30 22:49:44.336569,0.0004337769027442,2.4776251506169884e-07,0.0071826362606964,6.31976119090893e-06,5.526226106818971e-06,0.9923705454093544,9.321150274327833e-07,surprise
2025-05-30 22:49:44.501208,0.2184758167550454,6.331308477391425e-08,0.7628061033967795,8.245511432167256e-08,0.0019219189398016,0.0167726251049414,2.3436963179815227e-05,fear
2025-05-30 22:49:44.674001,3.694685716577763e-08,5.507689204934705e-16,0.0003050251907732,5.52155702396565e-07,4.588326046697502e-11,0.9996943474180284,5.7904826802919815e-11,surprise
2025-05-30 22:49:44.840779,0.0547846104076272,2.1801164556346633e-06,0.2606947875437014,0.0006254606205313,0.0001893933917127,0.6836191227209045,8.448752263300256e-05,surprise
2025-05-30 22:49:45.013457,0.0333609357476234,2.350627482883283e-06,0.9132867455482484,3.191140422131866e-05,0.0002927739406004,0.0529143512248992,0.0001110138691728,fear
2025-05-30 22:49:45.181624,0.0179037936031818,3.909959911396754e-09,0.3155859410762787,8.66963091539219e-05,1.010547475743806e-05,0.6663879752159119,2.549404052842874e-05,surprise
2025-05-30 22:49:45.425768,0.01923801191151142,0.00013960039359517395,0.8290888071060181,0.07121466845273972,0.0007767490460537374,0.07927335053682327,0.00026886924752034247,fear
2025-05-30 22:49:45.610762,0.5207733511924744,9.078904986381531e-05,0.43779444694519043,0.001177308615297079,0.034394536167383194,0.002577048959210515,0.0031925183720886707,angry
2025-05-30 22:49:45.787174,0.5999203681898336,4.7941628637911505e-08,0.39599701142293287,0.0002248707012196303,0.00011320922878374404,0.003741884594299471,2.6094736958970936e-06,angry
2025-05-30 22:49:46.021447,0.768229603767395,9.93569556158036e-05,0.21718652546405792,0.0002850486198440194,0.001356413122266531,0.012761907652020454,8.117665856843814e-05,angry
2025-05-30 22:49:46.203691,0.04346172025571586,2.6893844062683426e-06,0.9291535573693249,0.010705006946921763,0.009455702831190993,0.0036535027751924258,0.003567825051341954,fear
2025-05-30 22:49:46.375439,0.05250639036335888,2.086160872494146e-05,0.9413271511392088,0.0005937200975586532,0.0008630963207577956,0.0031179945911761877,0.001570809726167305,fear
2025-05-30 22:49:46.622209,0.0021251218859106302,9.872649364695008e-09,0.05759207531809807,0.0013267321046441793,1.6245315919150016e-06,0.9389265179634094,2.7919044441659935e-05,surprise
2025-05-30 22:49:46.779153,0.2538709791821825,7.0224559387713016e-06,0.7375396333658476,0.00028196214632650595,0.0012080844746133372,0.00665659823084463,0.0004356931863672695,fear
2025-05-30 22:49:47.850805,0.027008312328659016,1.621056873113806e-07,0.9640653176229813,0.0019866647158813815,0.0027918733122201784,0.0034886706186925626,0.0006589417840870578,fear
2025-05-30 22:49:48.509680,0.05814266551391276,4.686278322988015e-05,0.2724635763444648,0.6657883921735521,0.0017993256823689151,0.00031962774387204605,0.0014395537712904077,happy
